{"cameraMode":{"drawMode":0,"name":"Shaded","section":"Shading Mode"},"sceneLighting":true,"audioPlay":false,"sceneViewState":{"showFog":true,"showMaterialUpdate":true,"showSkybox":true,"showFlares":true,"showImageEffects":true,"showParticleSystems":true},"in2DMode":false,"pivot":{"x":-5.730258941650391,"y":-18.435928344726564,"z":-16.3946475982666},"rotation":{"x":-0.20657630264759065,"y":0.7751643657684326,"z":-0.31620022654533389,"w":-0.5064232349395752},"size":70.42444610595703,"orthographic":false}