{"cameraMode":{"drawMode":0,"name":"Shaded","section":"Shading Mode"},"sceneLighting":true,"audioPlay":false,"sceneViewState":{"showFog":true,"showMaterialUpdate":true,"showSkybox":true,"showFlares":true,"showImageEffects":true,"showParticleSystems":true},"in2DMode":false,"pivot":{"x":5.7678022384643559,"y":10.499588012695313,"z":-0.186981201171875},"rotation":{"x":-0.18993650376796723,"y":0.8098978400230408,"z":-0.3831648528575897,"w":-0.4014691412448883},"size":31.61701202392578,"orthographic":false}